date_time,residual
2025-07-08 12:30:00,-0.20212011622439707
2025-07-08 13:00:00,-0.21102021467486276
2025-07-08 13:30:00,-0.20823165671027777
2025-07-08 14:00:00,-0.19813987876676453
2025-07-08 14:30:00,-0.1841420664078961
2025-07-08 15:00:00,-0.16676545723361258
2025-07-08 15:30:00,-0.15017963450053173
2025-07-08 16:00:00,-0.13108772398360546
2025-07-08 16:30:00,-0.11814502060368959
2025-07-08 17:00:00,-0.10757017760918064
2025-07-08 17:30:00,-0.09533877694140802
2025-07-08 18:00:00,-0.09122256288328723
2025-07-08 18:30:00,-0.08782749992964378
2025-07-08 19:00:00,-0.07677991572071052
2025-07-08 19:30:00,-0.07642502076332702
2025-07-08 20:00:00,-0.08454318592966992
2025-07-08 20:30:00,-0.09087343894912125
2025-07-08 21:00:00,-0.10071506452216505
2025-07-08 21:30:00,-0.10630247064812748
2025-07-08 22:00:00,-0.1116799688177208
2025-07-08 22:30:00,-0.11358198820476906
2025-07-08 23:00:00,-0.11127774172167149
2025-07-08 23:30:00,-0.10482805021646868
2025-07-09 00:00:00,-0.09268683699347857
2025-07-09 00:30:00,-0.07671734629970883
2025-07-09 01:00:00,-0.05628593501137402
2025-07-09 01:30:00,-0.030868280822950567
2025-07-09 02:00:00,-0.005071268184311251
2025-07-09 02:30:00,0.02274269947159846
2025-07-09 03:00:00,0.053055441497737554
2025-07-09 03:30:00,0.07990186063697768
2025-07-09 04:00:00,0.10803147845130745
2025-07-09 04:30:00,0.13131135184699083
2025-07-09 05:00:00,0.1462709485598075
2025-07-09 05:30:00,0.14983075981941374
2025-07-09 06:00:00,0.14658966683521646
2025-07-09 06:30:00,0.1412923115246425
2025-07-09 07:00:00,0.12729579923549394
2025-07-09 07:30:00,0.11134706677427086
2025-07-09 08:00:00,0.08702610937383426
2025-07-09 08:30:00,0.0627481105461043
2025-07-09 09:00:00,0.032753291152435526
2025-07-09 09:30:00,0.005655404784621787
2025-07-09 10:00:00,-0.023016570809182735
2025-07-09 10:30:00,-0.046086230769847525
2025-07-09 11:00:00,-0.06546871305136293
2025-07-09 11:30:00,-0.07329668456967342
2025-07-09 12:00:00,-0.07663474440666462
2025-07-09 12:30:00,-0.07368137305197964
2025-07-09 13:00:00,-0.06726754770280818
2025-07-09 13:30:00,-0.05696632186276762
2025-07-09 14:00:00,-0.035761011944306365
2025-07-09 14:30:00,-0.011942281897863616
2025-07-09 15:00:00,0.01976725323063322
2025-07-09 15:30:00,0.05170523269055316
2025-07-09 16:00:00,0.07626233568079765
2025-07-09 16:30:00,0.10291912187792285
2025-07-09 17:00:00,0.12837118021173088
2025-07-09 17:30:00,0.14381179488976148
2025-07-09 18:00:00,0.15412585518612953
2025-07-09 18:30:00,0.15379267516410788
2025-07-09 19:00:00,0.15019177283492535
2025-07-09 19:30:00,0.1412752870259002
2025-07-09 20:00:00,0.12938764034997652
2025-07-09 20:30:00,0.11665918934113462
2025-07-09 21:00:00,0.0990240900033168
2025-07-09 21:30:00,0.08608897493132295
2025-07-09 22:00:00,0.07715396698481625
2025-07-09 22:30:00,0.06730339819847186
2025-07-09 23:00:00,0.0618204724168292
2025-07-09 23:30:00,0.0630056559080252
2025-07-10 00:00:00,0.06852132431315994
2025-07-10 00:30:00,0.08025631802800692
2025-07-10 01:00:00,0.10207914746944358
2025-07-10 01:30:00,0.12204116728675762
2025-07-10 02:00:00,0.1510029918297482
2025-07-10 02:30:00,0.17664221649802947
2025-07-10 03:00:00,0.2060534460156478
2025-07-10 03:30:00,0.2286058279151888
2025-07-10 04:00:00,0.2568276090645232
2025-07-10 04:30:00,0.27373395655218413
2025-07-10 05:00:00,0.2870174554501954
2025-07-10 05:30:00,0.2882476897542956
2025-07-10 06:00:00,0.2879397333089022
2025-07-10 06:30:00,0.2829030990327035
2025-07-10 07:00:00,0.26433347402346996
2025-07-10 07:30:00,0.24609885539747678
2025-07-10 08:00:00,0.22111659341485757
2025-07-10 08:30:00,0.1935345846982357
2025-07-10 09:00:00,0.16163960632992413
2025-07-10 09:30:00,0.13102990420443827
2025-07-10 10:00:00,0.09906350533640218
2025-07-10 10:30:00,0.06699669217847903
2025-07-10 11:00:00,0.040405626685890095
2025-07-10 11:30:00,0.027606454863073004
2025-07-10 12:00:00,0.019214477586592338
2025-07-10 12:30:00,0.015214506609468437
2025-07-10 13:00:00,0.019340792305124754
2025-07-10 13:30:00,0.03145804257497309
2025-07-10 14:00:00,0.05051029802377549
2025-07-10 14:30:00,0.07386729383841573
2025-07-10 15:00:00,0.10342838229641238
2025-07-10 15:30:00,0.13483727690604796
2025-07-10 16:00:00,0.16561412973280598
2025-07-10 16:30:00,0.19339659344983362
2025-07-10 17:00:00,0.2206090365483151
2025-07-10 17:30:00,0.24175341239766324
2025-07-10 18:00:00,0.2587847897382445
2025-07-10 18:30:00,0.27531568561253383
2025-07-10 19:00:00,0.28651818865720413
2025-07-10 19:30:00,0.29219265736786637
2025-07-10 20:00:00,0.2901483240320726
2025-07-10 20:30:00,0.28332588767501843
2025-07-10 21:00:00,0.2724058070711095
2025-07-10 21:30:00,0.26494547149256187
2025-07-10 22:00:00,0.25501732785840847
2025-07-10 22:30:00,0.25495680651763
2025-07-10 23:00:00,0.2512709146600951
2025-07-10 23:30:00,0.2522379806633017
2025-07-11 00:00:00,0.2569836208568623
2025-07-11 00:30:00,0.2659803652858015
2025-07-11 01:00:00,0.2797721759819307
2025-07-11 01:30:00,0.3012864990594939
2025-07-11 02:00:00,0.32401394736956046
2025-07-11 02:30:00,0.351519951290971
2025-07-11 03:00:00,0.38019071219248834
2025-07-11 03:30:00,0.4063259067745464
2025-07-11 04:00:00,0.4375313315919769
2025-07-11 04:30:00,0.460959146325683
2025-07-11 05:00:00,0.4794570548423138
2025-07-11 05:30:00,0.4886177487045513
2025-07-11 06:00:00,0.49446051467415053
2025-07-11 06:30:00,0.4934862509872797
2025-07-11 07:00:00,0.484676357864652
2025-07-11 07:30:00,0.4678417509205284
2025-07-11 08:00:00,0.44744164601267844
2025-07-11 08:30:00,0.4193471541409206
2025-07-11 09:00:00,0.38915174333203506
2025-07-11 09:30:00,0.3575607838156496
2025-07-11 10:00:00,0.3195087572158837
2025-07-11 10:30:00,0.2893465803711397
2025-07-11 11:00:00,0.259817056564307
2025-07-11 11:30:00,0.2379411378651093
2025-07-11 12:00:00,0.22146451483496055
2025-07-11 12:30:00,0.20325864063489973
2025-07-11 13:00:00,0.19071838404235342
2025-07-11 13:30:00,0.18865508634708927
2025-07-11 14:00:00,0.19462648832157337
2025-07-11 14:30:00,0.21182113959301185
2025-07-11 15:00:00,0.2391718389833355
2025-07-11 15:30:00,0.26601160320451234
2025-07-11 16:00:00,0.2981611819623309
2025-07-11 16:30:00,0.31988333547795555
2025-07-11 17:00:00,0.3500171959667431
2025-07-11 17:30:00,0.3748911906585364
2025-07-11 18:00:00,0.4005581856658549
2025-07-11 18:30:00,0.42529281517373274
2025-07-11 19:00:00,0.4491322427578033
2025-07-11 19:30:00,0.46035419014575085
2025-07-11 20:00:00,0.46439306945597414
2025-07-11 20:30:00,0.4633192709637739
2025-07-11 21:00:00,0.45659457869843756
2025-07-11 21:30:00,0.4489105672900373
2025-07-11 22:00:00,0.4384063841887724
2025-07-11 22:30:00,0.43301419364845417
2025-07-11 23:00:00,0.42406388489355873
2025-07-11 23:30:00,0.4182489593160046
2025-07-12 00:00:00,0.4172243656514061
2025-07-12 00:30:00,0.41829258874034103
2025-07-12 01:00:00,0.4283977873952045
2025-07-12 01:30:00,0.4391993850368969
2025-07-12 02:00:00,0.4594595663453229
2025-07-12 02:30:00,0.4808471041205551
2025-07-12 03:00:00,0.5044850502632059
2025-07-12 03:30:00,0.5308754196168373
2025-07-12 04:00:00,0.5621614538591961
2025-07-12 04:30:00,0.5882668837899288
2025-07-12 05:00:00,0.613386316696801
2025-07-12 05:30:00,0.6302941007693295
2025-07-12 06:00:00,0.6461474569803385
2025-07-12 06:30:00,0.6543045932967386
2025-07-12 07:00:00,0.6531311545665128
2025-07-12 07:30:00,0.6457483008483731
2025-07-12 08:00:00,0.6315029556547629
2025-07-12 08:30:00,0.6108493568750388
2025-07-12 09:00:00,0.5832542964381484
2025-07-12 09:30:00,0.558483403095642
2025-07-12 10:00:00,0.521808662794971
2025-07-12 10:30:00,0.4879093372501875
2025-07-12 11:00:00,0.4496986229158333
2025-07-12 11:30:00,0.41946174769109756
2025-07-12 12:00:00,0.38600247475333616
2025-07-12 12:30:00,0.3625706752468796
2025-07-12 13:00:00,0.3454394881363547
2025-07-12 13:30:00,0.3426861477343599
2025-07-12 14:00:00,0.34508069318954604
2025-07-12 14:30:00,0.3557794841487514
2025-07-12 15:00:00,0.37531709063094176
2025-07-12 15:30:00,0.3947525437511472
2025-07-12 16:00:00,0.4218933309416819
2025-07-12 16:30:00,0.44957485732784175
2025-07-12 17:00:00,0.4839316416499355
2025-07-12 17:30:00,0.5148935336362697
2025-07-12 18:00:00,0.5357122417416043
2025-07-12 18:30:00,0.5523081890984414
2025-07-12 19:00:00,0.5611042913567506
2025-07-12 19:30:00,0.5677972144175958
2025-07-12 20:00:00,0.5655816105867844
2025-07-12 20:30:00,0.5605069668363687
2025-07-12 21:00:00,0.5518911679532175
2025-07-12 21:30:00,0.5436749306148798
2025-07-12 22:00:00,0.5309530639591704
2025-07-12 22:30:00,0.5146869900530571
2025-07-12 23:00:00,0.49908991995005225
2025-07-12 23:30:00,0.48128419266394906
2025-07-13 00:00:00,0.4694840166520866
2025-07-13 00:30:00,0.4656832665199331
2025-07-13 01:00:00,0.4633248056747945
2025-07-13 01:30:00,0.4650503524736589
2025-07-13 02:00:00,0.474871699643284
2025-07-13 02:30:00,0.48984805205345294
2025-07-13 03:00:00,0.5089807876970154
2025-07-13 03:30:00,0.5289593829822805
2025-07-13 04:00:00,0.5554575168387392
2025-07-13 04:30:00,0.5836898156012336
2025-07-13 05:00:00,0.6091232205749457
2025-07-13 05:30:00,0.6339172551043024
2025-07-13 06:00:00,0.660131641947167
2025-07-13 06:30:00,0.6785353089300756
2025-07-13 07:00:00,0.6861355628658989
2025-07-13 07:30:00,0.6921782513634631
2025-07-13 08:00:00,0.6909235199718915
2025-07-13 08:30:00,0.6856599559930125
2025-07-13 09:00:00,0.6749066412457558
2025-07-13 09:30:00,0.6568899774768404
2025-07-13 10:00:00,0.6365782867595362
2025-07-13 10:30:00,0.6117542648031382
2025-07-13 11:00:00,0.5863968584482682
2025-07-13 11:30:00,0.5626626015911986
2025-07-13 12:00:00,0.5443543085438749
2025-07-13 12:30:00,0.5237934954000807
2025-07-13 13:00:00,0.5156235587258859
2025-07-13 13:30:00,0.5093788095892686
2025-07-13 14:00:00,0.5070669864547004
2025-07-13 14:30:00,0.5127860228765311
2025-07-13 15:00:00,0.5205697687757376
2025-07-13 15:30:00,0.5301776910450751
2025-07-13 16:00:00,0.5483785085740411
2025-07-13 16:30:00,0.564832345086167
2025-07-13 17:00:00,0.5862974653381949
2025-07-13 17:30:00,0.6062463995914338
2025-07-13 18:00:00,0.6250523255434741
2025-07-13 18:30:00,0.6380131853087203
2025-07-13 19:00:00,0.6503257021693167
2025-07-13 19:30:00,0.6562218327431844
2025-07-13 20:00:00,0.6591984648185016
2025-07-13 20:30:00,0.65412278771003
2025-07-13 21:00:00,0.6443491387840221
2025-07-13 21:30:00,0.6373333984358829
2025-07-13 22:00:00,0.623246650280306
2025-07-13 22:30:00,0.6077054681228926
2025-07-13 23:00:00,0.5914183092199672
2025-07-13 23:30:00,0.5763081677187762
2025-07-14 00:00:00,0.5614343882299573
2025-07-14 00:30:00,0.5498436283105479
2025-07-14 01:00:00,0.5450691795246376
2025-07-14 01:30:00,0.5411034279024709
2025-07-14 02:00:00,0.5432117699779546
2025-07-14 02:30:00,0.5474256133169522
2025-07-14 03:00:00,0.5590399722950381
2025-07-14 03:30:00,0.5771761887642974
2025-07-14 04:00:00,0.5943547080493266
2025-07-14 04:30:00,0.6173925063723438
2025-07-14 05:00:00,0.6395981010401568
2025-07-14 05:30:00,0.662096196781855
2025-07-14 06:00:00,0.6791748449866941
2025-07-14 06:30:00,0.6971337818793737
2025-07-14 07:00:00,0.7071297227672766
2025-07-14 07:30:00,0.7183980404526762
2025-07-14 08:00:00,0.71732792118735
2025-07-14 08:30:00,0.7158909465313708
2025-07-14 09:00:00,0.7070092956233576
2025-07-14 09:30:00,0.6940220204786933
2025-07-14 10:00:00,0.6714233604305444
2025-07-14 10:30:00,0.6506475861587067
2025-07-14 11:00:00,0.6302259395218903
2025-07-14 11:30:00,0.6153823129082647
2025-07-14 12:00:00,0.5995975911262446
2025-07-14 12:30:00,0.5874870864006261
2025-07-14 13:00:00,0.5725693989388927
2025-07-14 13:30:00,0.5660779882356946
2025-07-14 14:00:00,0.5695630435061927
2025-07-14 14:30:00,0.5770488921564974
2025-07-14 15:00:00,0.5947774575889331
2025-07-14 15:30:00,0.6115798674719901
2025-07-14 16:00:00,0.6388492539330921
2025-07-14 16:30:00,0.6663019210206051
2025-07-14 17:00:00,0.7000265556754202
2025-07-14 17:30:00,0.7291931348246516
2025-07-14 18:00:00,0.7604459971774871
2025-07-14 18:30:00,0.7947739562038523
2025-07-14 19:00:00,0.8300449884241858
2025-07-14 19:30:00,0.8570803276569336
2025-07-14 20:00:00,0.8783266342634903
2025-07-14 20:30:00,0.892566330012869
2025-07-14 21:00:00,0.8941967535143582
2025-07-14 21:30:00,0.8949022988822184
2025-07-14 22:00:00,0.8928132560653133
2025-07-14 22:30:00,0.8858395418668941
2025-07-14 23:00:00,0.8755686753427172
2025-07-14 23:30:00,0.8620567183136445
2025-07-15 00:00:00,0.8500864155637
2025-07-15 00:30:00,0.8361973171006918
2025-07-15 01:00:00,0.8282451240535802
2025-07-15 01:30:00,0.8181873785351745
2025-07-15 02:00:00,0.8169187721162832
2025-07-15 02:30:00,0.8166510259643913
2025-07-15 03:00:00,0.8232348032321026
2025-07-15 03:30:00,0.8332455428767089
2025-07-15 04:00:00,0.8465123494895952
2025-07-15 04:30:00,0.8612248657330173
2025-07-15 05:00:00,0.8741977950536648
2025-07-15 05:30:00,0.8880325257459292
2025-07-15 06:00:00,0.8990748279738814
2025-07-15 06:30:00,0.9080629349802749
2025-07-15 07:00:00,0.9151844724405995
2025-07-15 07:30:00,0.9202760851921659
2025-07-15 08:00:00,0.9148071530397595
2025-07-15 08:30:00,0.9101332637628663
2025-07-15 09:00:00,0.8971515406075119
2025-07-15 09:30:00,0.8788056198106686
2025-07-15 10:00:00,0.8564069205788325
2025-07-15 10:30:00,0.8294025075882618
2025-07-15 11:00:00,0.8012698544303456
2025-07-15 11:30:00,0.7781635259564168
2025-07-15 12:00:00,0.7536933391851022
2025-07-15 12:30:00,0.7250067229301489
2025-07-15 13:00:00,0.6975111282629798
2025-07-15 13:30:00,0.6751495060108226
2025-07-15 14:00:00,0.6638931191517901
2025-07-15 14:30:00,0.6602412505453574
2025-07-15 15:00:00,0.6666556089625848
2025-07-15 15:30:00,0.6770601616686664
2025-07-15 16:00:00,0.6915035913560672
2025-07-15 16:30:00,0.7137726446399311
2025-07-15 17:00:00,0.7366359380124117
2025-07-15 17:30:00,0.7606054090200192
2025-07-15 18:00:00,0.787818520052789
2025-07-15 18:30:00,0.8169044240576682
2025-07-15 19:00:00,0.8512380390993033
2025-07-15 19:30:00,0.8792949732654276
2025-07-15 20:00:00,0.8974684497041348
2025-07-15 20:30:00,0.9097216140840474
2025-07-15 21:00:00,0.9153860353493564
2025-07-15 21:30:00,0.9188696646767844
2025-07-15 22:00:00,0.9207591042921994
2025-07-15 22:30:00,0.9168371042291725
2025-07-15 23:00:00,0.9072718996179412
2025-07-15 23:30:00,0.9014413509989967
2025-07-16 00:00:00,0.8866670806507084
2025-07-16 00:30:00,0.8814061344802362
2025-07-16 01:00:00,0.8708584246079052
2025-07-16 01:30:00,0.8636731250522676
2025-07-16 02:00:00,0.8629208682666663
2025-07-16 02:30:00,0.8657015462735458
2025-07-16 03:00:00,0.8729240942013239
2025-07-16 03:30:00,0.882941717435088
2025-07-16 04:00:00,0.8954806347522759
2025-07-16 04:30:00,0.9098303911442582
2025-07-16 05:00:00,0.9236584464051818
2025-07-16 05:30:00,0.9352762873637228
2025-07-16 06:00:00,0.9471969836814116
2025-07-16 06:30:00,0.9591557557059436
2025-07-16 07:00:00,0.964693400884896
2025-07-16 07:30:00,0.9760579676266525
2025-07-16 08:00:00,0.9782911379501869
2025-07-16 08:30:00,0.9761490248616027
2025-07-16 09:00:00,0.9673655388228646
2025-07-16 09:30:00,0.9593130188262211
2025-07-16 10:00:00,0.941040355883356
2025-07-16 10:30:00,0.9209491795743874
2025-07-16 11:00:00,0.9012956994533634
2025-07-16 11:30:00,0.8826848337462303
2025-07-16 12:00:00,0.8648768812171312
2025-07-16 12:30:00,0.838163303916923
2025-07-16 13:00:00,0.8125036828290098
2025-07-16 13:30:00,0.7906316250906424
2025-07-16 14:00:00,0.7774242857473044
2025-07-16 14:30:00,0.7712862642565306
2025-07-16 15:00:00,0.7741051217225061
2025-07-16 15:30:00,0.77923594587971
2025-07-16 16:00:00,0.7900011490838075
2025-07-16 16:30:00,0.8046955909986997
2025-07-16 17:00:00,0.8257392562934545
2025-07-16 17:30:00,0.8441002193360501
2025-07-16 18:00:00,0.8708640993694354
2025-07-16 18:30:00,0.8977555472019918
2025-07-16 19:00:00,0.9298435506426581
2025-07-16 19:30:00,0.955144048395197
2025-07-16 20:00:00,0.9764034819180591
2025-07-16 20:30:00,0.9929274806387869
2025-07-16 21:00:00,1.0012417197729615
2025-07-16 21:30:00,1.009080347315496
2025-07-16 22:00:00,1.020200808795972
2025-07-16 22:30:00,1.0202644163188037
2025-07-16 23:00:00,1.0210964707890355
2025-07-16 23:30:00,1.0177666150410642
2025-07-17 00:00:00,1.0110297270667072
2025-07-17 00:30:00,1.0003433443735
2025-07-17 01:00:00,0.9935941528555592
2025-07-17 01:30:00,0.9834974664660188
2025-07-17 02:00:00,0.9735622024829602
2025-07-17 02:30:00,0.9658392031059111
2025-07-17 03:00:00,0.9611981727000101
2025-07-17 03:30:00,0.956405354968777
2025-07-17 04:00:00,0.9556747196723898
2025-07-17 04:30:00,0.9565679572402361
2025-07-17 05:00:00,0.9560981456137101
2025-07-17 05:30:00,0.9563344308308306
2025-07-17 06:00:00,0.9556422032884087
2025-07-17 06:30:00,0.9605263504391333
2025-07-17 07:00:00,0.9615520563228217
2025-07-17 07:30:00,0.9639807348444402
2025-07-17 08:00:00,0.9662734550729417
2025-07-17 08:30:00,0.9604858519549664
2025-07-17 09:00:00,0.955542334051108
2025-07-17 09:30:00,0.945962879422168
2025-07-17 10:00:00,0.930642353369981
2025-07-17 10:30:00,0.9145150742152415
2025-07-17 11:00:00,0.8989634072700101
2025-07-17 11:30:00,0.887082762713375
2025-07-17 12:00:00,0.8682081128211943
2025-07-17 12:30:00,0.8485039541788242
2025-07-17 13:00:00,0.8214911425845959
2025-07-17 13:30:00,0.8018790974113825
2025-07-17 14:00:00,0.7875621369149031
2025-07-17 14:30:00,0.7828771701640318
2025-07-17 15:00:00,0.7817837432852066
2025-07-17 15:30:00,0.7805884751400383
2025-07-17 16:00:00,0.7842333601383242
2025-07-17 16:30:00,0.7924221592099632
2025-07-17 17:00:00,0.8043283683954863
2025-07-17 17:30:00,0.8203224035331524
2025-07-17 18:00:00,0.8352004865914633
2025-07-17 18:30:00,0.8634016933791617
2025-07-17 19:00:00,0.8900801998025207
2025-07-17 19:30:00,0.9175158739760207
2025-07-17 20:00:00,0.9434086706416747
2025-07-17 20:30:00,0.9647553787705989
2025-07-17 21:00:00,0.9856678804345815
2025-07-17 21:30:00,1.0038102074604542
2025-07-17 22:00:00,1.0190085695828488
2025-07-17 22:30:00,1.0294591417226395
2025-07-17 23:00:00,1.0384903793178057
2025-07-17 23:30:00,1.04264665281828
2025-07-18 00:00:00,1.0486781058674595
2025-07-18 00:30:00,1.0441263194676846
2025-07-18 01:00:00,1.0436626401449465
2025-07-18 01:30:00,1.036011299795629
2025-07-18 02:00:00,1.0291097372894824
2025-07-18 02:30:00,1.0249869097983428
2025-07-18 03:00:00,1.018307149717757
2025-07-18 03:30:00,1.0133951023985186
2025-07-18 04:00:00,1.0101424593402135
2025-07-18 04:30:00,1.0072403855724175
2025-07-18 05:00:00,1.0016536753778644
2025-07-18 05:30:00,0.9941618591117678
2025-07-18 06:00:00,0.9875797022431583
2025-07-18 06:30:00,0.982099236044359
2025-07-18 07:00:00,0.9808297589399197
2025-07-18 07:30:00,0.9767338007203417
2025-07-18 08:00:00,0.9744479456196111
2025-07-18 08:30:00,0.968621478174126
2025-07-18 09:00:00,0.9585414585691443
2025-07-18 09:30:00,0.953793990585678
2025-07-18 10:00:00,0.9467743529305728
2025-07-18 10:30:00,0.9409313426981785
2025-07-18 11:00:00,0.9333079802193116
2025-07-18 11:30:00,0.9289962068117421
2025-07-18 12:00:00,0.9251942789344025
2025-07-18 12:30:00,0.914325586467406
2025-07-18 13:00:00,0.8995925099458737
2025-07-18 13:30:00,0.892115219732341
2025-07-18 14:00:00,0.8828138071195419
2025-07-18 14:30:00,0.8819587029033475
2025-07-18 15:00:00,0.8841249593252278
2025-07-18 15:30:00,0.8825933428333357
2025-07-18 16:00:00,0.8841316855403576
2025-07-18 16:30:00,0.8842002549863224
2025-07-18 17:00:00,0.8880492922584131
2025-07-18 17:30:00,0.8925220426205076
2025-07-18 18:00:00,0.8988746267735082
2025-07-18 18:30:00,0.9121951943003876
2025-07-18 19:00:00,0.9279965734867786
2025-07-18 19:30:00,0.943395790689564
2025-07-18 20:00:00,0.96136011798223
2025-07-18 20:30:00,0.9729564925237368
2025-07-18 21:00:00,0.9868707250524369
2025-07-18 21:30:00,1.0002565156762497
2025-07-18 22:00:00,1.020914148612249
2025-07-18 22:30:00,1.034992724248876
2025-07-18 23:00:00,1.0507234457530763
2025-07-18 23:30:00,1.064681690798016
2025-07-19 00:00:00,1.074538720169132
2025-07-19 00:30:00,1.0827416622789128
2025-07-19 01:00:00,1.0864096982150238
2025-07-19 01:30:00,1.0887739858862744
2025-07-19 02:00:00,1.08929733179088
2025-07-19 02:30:00,1.0886530966587276
2025-07-19 03:00:00,1.0868017878791987
2025-07-19 03:30:00,1.083006580481983
2025-07-19 04:00:00,1.075947730669609
2025-07-19 04:30:00,1.0688711703591816
2025-07-19 05:00:00,1.0604671651647493
2025-07-19 05:30:00,1.0502976241191684
2025-07-19 06:00:00,1.0422843576421368
2025-07-19 06:30:00,1.0346107930519335
2025-07-19 07:00:00,1.0284073704037637
2025-07-19 07:30:00,1.0166929320688167
2025-07-19 08:00:00,1.0111724131529936
2025-07-19 08:30:00,1.0043988987635961
2025-07-19 09:00:00,0.9958623379874934
2025-07-19 09:30:00,0.9880877008311786
2025-07-19 10:00:00,0.9822075414288027
2025-07-19 10:30:00,0.9791984513144105
2025-07-19 11:00:00,0.9695381418499021
2025-07-19 11:30:00,0.9669676877457443
2025-07-19 12:00:00,0.9575059809311011
2025-07-19 12:30:00,0.9510294065816332
2025-07-19 13:00:00,0.9450303123480719
2025-07-19 13:30:00,0.9460685781792657
2025-07-19 14:00:00,0.942614572493887
2025-07-19 14:30:00,0.9460305490151297
2025-07-19 15:00:00,0.9481721445030942
2025-07-19 15:30:00,0.9495764053276097
2025-07-19 16:00:00,0.9462220677706321
2025-07-19 16:30:00,0.9531591432926645
2025-07-19 17:00:00,0.9590712056962816
2025-07-19 17:30:00,0.959837076420706
2025-07-19 18:00:00,0.9649215411860392
2025-07-19 18:30:00,0.9648177361177026
2025-07-19 19:00:00,0.9698037317153856
2025-07-19 19:30:00,0.9718199548807025
2025-07-19 20:00:00,0.979659300074434
2025-07-19 20:30:00,0.9847989844915224
2025-07-19 21:00:00,0.9959863002019269
2025-07-19 21:30:00,1.0157419462832764
2025-07-19 22:00:00,1.035146449963834
2025-07-19 22:30:00,1.0486634603278375
2025-07-19 23:00:00,1.0657674065627714
2025-07-19 23:30:00,1.082612103405356
2025-07-20 00:00:00,1.09705179352659
2025-07-20 00:30:00,1.111895698051789
2025-07-20 01:00:00,1.1229363401821983
2025-07-20 01:30:00,1.1321203985562727
2025-07-20 02:00:00,1.1373915951708078
2025-07-20 02:30:00,1.140401028332823
2025-07-20 03:00:00,1.1373093086222548
2025-07-20 03:30:00,1.1376286837384089
2025-07-20 04:00:00,1.1367836349031617
2025-07-20 04:30:00,1.1304291983306902
2025-07-20 05:00:00,1.1208719751657341
2025-07-20 05:30:00,1.1116497879265417
2025-07-20 06:00:00,1.1040859830585228
2025-07-20 06:30:00,1.0924767734059548
2025-07-20 07:00:00,1.0839358834213373
2025-07-20 07:30:00,1.075167712655296
2025-07-20 08:00:00,1.0648913591264735
2025-07-20 08:30:00,1.057741655712391
2025-07-20 09:00:00,1.0533498788370002
2025-07-20 09:30:00,1.0455382385543492
2025-07-20 10:00:00,1.0442283475529188
2025-07-20 10:30:00,1.0388551328306164
2025-07-20 11:00:00,1.0396142431585247
2025-07-20 11:30:00,1.0418948329730582
2025-07-20 12:00:00,1.0398093924884046
2025-07-20 12:30:00,1.0436423205377854
2025-07-20 13:00:00,1.0450148275880082
2025-07-20 13:30:00,1.0493870406013086
2025-07-20 14:00:00,1.051928888671834
2025-07-20 14:30:00,1.0513507751186972
2025-07-20 15:00:00,1.0546008012777348
2025-07-20 15:30:00,1.045621652375435
2025-07-20 16:00:00,1.03543823502766
2025-07-20 16:30:00,1.0332691580203095
2025-07-20 17:00:00,1.020656797911027
2025-07-20 17:30:00,1.0098050846186215
2025-07-20 18:00:00,0.9976715813377037
2025-07-20 18:30:00,0.987084397269929
2025-07-20 19:00:00,0.9758336826666767
2025-07-20 19:30:00,0.9669913116535287
2025-07-20 20:00:00,0.9597466210943586
2025-07-20 20:30:00,0.9587390224061663
2025-07-20 21:00:00,0.9578051806219676
2025-07-20 21:30:00,0.9652158935596706
2025-07-20 22:00:00,0.9687979370504554
2025-07-20 22:30:00,0.9771101862779257
2025-07-20 23:00:00,0.991824001218492
2025-07-20 23:30:00,1.0076091034715984
2025-07-21 00:00:00,1.0264040644330854
2025-07-21 00:30:00,1.0442705558100156
2025-07-21 01:00:00,1.0591262841629727
2025-07-21 01:30:00,1.0739424922818013
2025-07-21 02:00:00,1.090467392011731
2025-07-21 02:30:00,1.1024326065483305
2025-07-21 03:00:00,1.1089605801816846
2025-07-21 03:30:00,1.1148962484303977
2025-07-21 04:00:00,1.1167899300116804
2025-07-21 04:30:00,1.1154057148256864
2025-07-21 05:00:00,1.1072386317963328
2025-07-21 05:30:00,1.094858110850313
2025-07-21 06:00:00,1.0811508087602166
2025-07-21 06:30:00,1.0634330608975384
2025-07-21 07:00:00,1.047381672857381
2025-07-21 07:30:00,1.0296958126627598
2025-07-21 08:00:00,1.0133326224298065
2025-07-21 08:30:00,0.9953041076428366
2025-07-21 09:00:00,0.9809307531751106
2025-07-21 09:30:00,0.9696473717490118
2025-07-21 10:00:00,0.9580484802992795
2025-07-21 10:30:00,0.9478304052482533
2025-07-21 11:00:00,0.9491719358303272
2025-07-21 11:30:00,0.9564508634370774
2025-07-21 12:00:00,0.9658109137739335
2025-07-21 12:30:00,0.9751654113289214
2025-07-21 13:00:00,0.9875710859580022
2025-07-21 13:30:00,1.002192371964921
2025-07-21 14:00:00,1.0178485707229141
2025-07-21 14:30:00,1.0343952883622534
2025-07-21 15:00:00,1.055479914182322
2025-07-21 15:30:00,1.0695181461061258
2025-07-21 16:00:00,1.0821012329757278
2025-07-21 16:30:00,1.0958626503780655
2025-07-21 17:00:00,1.1008467273991593
2025-07-21 17:30:00,1.103435458012186
2025-07-21 18:00:00,1.1042331436361494
2025-07-21 18:30:00,1.1080820881249687
2025-07-21 19:00:00,1.1125063256969934
2025-07-21 19:30:00,1.1130192722060557
2025-07-21 20:00:00,1.1137554292725207
2025-07-21 20:30:00,1.1145563048525307
2025-07-21 21:00:00,1.112346755190235
2025-07-21 21:30:00,1.116391517323597
2025-07-21 22:00:00,1.1217096302412088
2025-07-21 22:30:00,1.130140266036173
2025-07-21 23:00:00,1.1425712489152773
2025-07-21 23:30:00,1.1586131744979336
2025-07-22 00:00:00,1.1760301178130752
2025-07-22 00:30:00,1.2001110147474672
2025-07-22 01:00:00,1.2216105763649456
2025-07-22 01:30:00,1.2448535915625922
2025-07-22 02:00:00,1.2640238007273146
2025-07-22 02:30:00,1.2835563258837355
2025-07-22 03:00:00,1.297594520648043
2025-07-22 03:30:00,1.311888624704019
2025-07-22 04:00:00,1.3228685238818265
2025-07-22 04:30:00,1.3270397816809882
2025-07-22 05:00:00,1.3231998173975155
2025-07-22 05:30:00,1.309083181948139
2025-07-22 06:00:00,1.2934115954308198
2025-07-22 06:30:00,1.2680186801254885
2025-07-22 07:00:00,1.2471181488018033
2025-07-22 07:30:00,1.219546898838739
2025-07-22 08:00:00,1.1897232053151032
2025-07-22 08:30:00,1.1561722859476942
2025-07-22 09:00:00,1.1281993398476913
2025-07-22 09:30:00,1.1005166432789615
2025-07-22 10:00:00,1.07480181762075
2025-07-22 10:30:00,1.0522617063423305
2025-07-22 11:00:00,1.0389725192710049
2025-07-22 11:30:00,1.0305378651238495
2025-07-22 12:00:00,1.0265277526194996
2025-07-22 12:30:00,1.0266239299301974
2025-07-22 13:00:00,1.0281280209664876
2025-07-22 13:30:00,1.03524254403595
2025-07-22 14:00:00,1.0442360892263503
2025-07-22 14:30:00,1.0620303157347442
2025-07-22 15:00:00,1.0845249702606856
2025-07-22 15:30:00,1.1015186847290213
2025-07-22 16:00:00,1.117724808352822
2025-07-22 16:30:00,1.1315309316404694
2025-07-22 17:00:00,1.1408794627540433
2025-07-22 17:30:00,1.1488797929478476
2025-07-22 18:00:00,1.1517682677987393
2025-07-22 18:30:00,1.1529703355852836
2025-07-22 19:00:00,1.1554756612484076
2025-07-22 19:30:00,1.1493246714676446
2025-07-22 20:00:00,1.1415059071129885
2025-07-22 20:30:00,1.1307775731084557
2025-07-22 21:00:00,1.1195765585482589
2025-07-22 21:30:00,1.1088178926921717
2025-07-22 22:00:00,1.1057628839252855
2025-07-22 22:30:00,1.1036827762749741
2025-07-22 23:00:00,1.1065876468354736
2025-07-22 23:30:00,1.1171871717006518
2025-07-23 00:00:00,1.132529472074376
2025-07-23 00:30:00,1.1511504531861052
2025-07-23 01:00:00,1.1754164489813481
2025-07-23 01:30:00,1.203080961861775
2025-07-23 02:00:00,1.2361571170525572
2025-07-23 02:30:00,1.2689274561757327
2025-07-23 03:00:00,1.2979232918503594
2025-07-23 03:30:00,1.3290339812346594
2025-07-23 04:00:00,1.3553294246002083
2025-07-23 04:30:00,1.3745994935042314
2025-07-23 05:00:00,1.3822240502254513
2025-07-23 05:30:00,1.3839571774629313
2025-07-23 06:00:00,1.379080797021675
2025-07-23 06:30:00,1.3660320850089565
2025-07-23 07:00:00,1.3478329247592846
2025-07-23 07:30:00,1.3223884520173055
2025-07-23 08:00:00,1.2945991518333742
2025-07-23 08:30:00,1.2607294596730085
2025-07-23 09:00:00,1.2285031212194757
2025-07-23 09:30:00,1.1974288563917488
2025-07-23 10:00:00,1.1654360373892036
2025-07-23 10:30:00,1.1355233434176415
2025-07-23 11:00:00,1.1162254463289663
2025-07-23 11:30:00,1.10167045571135
2025-07-23 12:00:00,1.0946461119510398
2025-07-23 12:30:00,1.0889435224118134
2025-07-23 13:00:00,1.083315996839887
2025-07-23 13:30:00,1.0923702594169156
2025-07-23 14:00:00,1.104736583381634
2025-07-23 14:30:00,1.1244783254007749
2025-07-23 15:00:00,1.1451164296264313
2025-07-23 15:30:00,1.1703909485228587
2025-07-23 16:00:00,1.1922705454603066
2025-07-23 16:30:00,1.2133352801278041
2025-07-23 17:00:00,1.2289937340651962
2025-07-23 17:30:00,1.2403494065009213
2025-07-23 18:00:00,1.2457369064978165
2025-07-23 18:30:00,1.2509174298968784
2025-07-23 19:00:00,1.2547665848085894
2025-07-23 19:30:00,1.2479095932270212
2025-07-23 20:00:00,1.2351473873947532
2025-07-23 20:30:00,1.2164110715724477
2025-07-23 21:00:00,1.2016100718302967
2025-07-23 21:30:00,1.1819754868817403
2025-07-23 22:00:00,1.1669533893813577
2025-07-23 22:30:00,1.1561856857511674
2025-07-23 23:00:00,1.152050729381233
2025-07-23 23:30:00,1.1512948855914424
2025-07-24 00:00:00,1.1584658955987965
2025-07-24 00:30:00,1.168331997734797
2025-07-24 01:00:00,1.184087433497954
2025-07-24 01:30:00,1.2038864563529625
2025-07-24 02:00:00,1.2274031762659778
2025-07-24 02:30:00,1.2565499511105271
2025-07-24 03:00:00,1.2808442186278381
2025-07-24 03:30:00,1.3038509084730796
2025-07-24 04:00:00,1.3288480711034851
2025-07-24 04:30:00,1.3464046601715458
2025-07-24 05:00:00,1.3594311829871317
2025-07-24 05:30:00,1.363827613690804
2025-07-24 06:00:00,1.3580223481794547
2025-07-24 06:30:00,1.3475348035341586
2025-07-24 07:00:00,1.3299730647158068
2025-07-24 07:30:00,1.3039125289981859
2025-07-24 08:00:00,1.2722677618219678
2025-07-24 08:30:00,1.2409732664207596
2025-07-24 09:00:00,1.2019555050549369
2025-07-24 09:30:00,1.1680020564540137
2025-07-24 10:00:00,1.131123658172513
2025-07-24 10:30:00,1.0998416040576409
2025-07-24 11:00:00,1.0774945484266147
2025-07-24 11:30:00,1.062652306397551
2025-07-24 12:00:00,1.0519902125253466
2025-07-24 12:30:00,1.0476309192189548
2025-07-24 13:00:00,1.0459921135440053
2025-07-24 13:30:00,1.0577632516790199
2025-07-24 14:00:00,1.0742355698444148
2025-07-24 14:30:00,1.0977591520378422
2025-07-24 15:00:00,1.1236261830279202
2025-07-24 15:30:00,1.1518593447559626
2025-07-24 16:00:00,1.1780255351784688
2025-07-24 16:30:00,1.2002449462144043
2025-07-24 17:00:00,1.2159241995602306
2025-07-24 17:30:00,1.221042703121803
2025-07-24 18:00:00,1.2274473357269398
2025-07-24 18:30:00,1.2267129889348332
2025-07-24 19:00:00,1.2204659837778533
2025-07-24 19:30:00,1.2099635244490807
2025-07-24 20:00:00,1.1928850713493688
2025-07-24 20:30:00,1.1741840925094236
2025-07-24 21:00:00,1.1529065042403417
2025-07-24 21:30:00,1.138016902694279
2025-07-24 22:00:00,1.1220214746831234
2025-07-24 22:30:00,1.1058655776656956
2025-07-24 23:00:00,1.0903159306270678
2025-07-24 23:30:00,1.0846135127433223
2025-07-25 00:00:00,1.0827521819383463
2025-07-25 00:30:00,1.0856797807469434
2025-07-25 01:00:00,1.0961580036815626
2025-07-25 01:30:00,1.1113672730859934
2025-07-25 02:00:00,1.1318033605892959
2025-07-25 02:30:00,1.1547472983143487
2025-07-25 03:00:00,1.1826494772816178
2025-07-25 03:30:00,1.202980262364394
2025-07-25 04:00:00,1.2308699211195056
2025-07-25 04:30:00,1.2531935626112896
2025-07-25 05:00:00,1.267098786648683
2025-07-25 05:30:00,1.2743963032222945
2025-07-25 06:00:00,1.2786915821574858
2025-07-25 06:30:00,1.2746448230791456
2025-07-25 07:00:00,1.2619607410755418
2025-07-25 07:30:00,1.2456286557904128
2025-07-25 08:00:00,1.2223090965655574
2025-07-25 08:30:00,1.1891478011935617
2025-07-25 09:00:00,1.1531948917959112
2025-07-25 09:30:00,1.119583961217511
2025-07-25 10:00:00,1.0786154513530095
2025-07-25 10:30:00,1.0477573363710813
2025-07-25 11:00:00,1.0237017587063817
2025-07-25 11:30:00,1.0086910527222759
2025-07-25 12:00:00,0.9937896500223706
2025-07-25 12:30:00,0.9965083165876445
2025-07-25 13:00:00,1.0025483645381716
2025-07-25 13:30:00,1.0123723488774228
2025-07-25 14:00:00,1.0336406232820847
2025-07-25 14:30:00,1.0541376050818836
2025-07-25 15:00:00,1.0836562830601926
2025-07-25 15:30:00,1.1178413956245756
2025-07-25 16:00:00,1.1530336279452653
2025-07-25 16:30:00,1.1796796655713906
2025-07-25 17:00:00,1.2104329235103024
2025-07-25 17:30:00,1.2322115092234114
2025-07-25 18:00:00,1.2541469594939534
2025-07-25 18:30:00,1.2640328534559
2025-07-25 19:00:00,1.2624472752476614
2025-07-25 19:30:00,1.258337920174226
2025-07-25 20:00:00,1.251927680465521
2025-07-25 20:30:00,1.238068102955068
2025-07-25 21:00:00,1.2217876230507378
2025-07-25 21:30:00,1.2079234291257395
2025-07-25 22:00:00,1.1901835827483307
2025-07-25 22:30:00,1.1740425106367889
2025-07-25 23:00:00,1.158994265559982
2025-07-25 23:30:00,1.145919486086321
2025-07-26 00:00:00,1.1353157618162437
2025-07-26 00:30:00,1.1349910464179367
2025-07-26 01:00:00,1.1436262794075671
2025-07-26 01:30:00,1.1543646794603464
2025-07-26 02:00:00,1.168188914749275
2025-07-26 02:30:00,1.188286099718196
2025-07-26 03:00:00,1.2133236538225347
2025-07-26 03:30:00,1.2355258746129658
2025-07-26 04:00:00,1.2626545118582193
2025-07-26 04:30:00,1.2850308397794157
2025-07-26 05:00:00,1.30763273403482
2025-07-26 05:30:00,1.3216360478003093
2025-07-26 06:00:00,1.3348398485712747
2025-07-26 06:30:00,1.3419201573386563
2025-07-26 07:00:00,1.3396053178540743
2025-07-26 07:30:00,1.3294851791887514
2025-07-26 08:00:00,1.3151979185408107
2025-07-26 08:30:00,1.2902921945473589
2025-07-26 09:00:00,1.2608485577202904
2025-07-26 09:30:00,1.2326520981460647
2025-07-26 10:00:00,1.1927518723349202
2025-07-26 10:30:00,1.1560764579482548
2025-07-26 11:00:00,1.118358594827653
2025-07-26 11:30:00,1.0837377385349931
2025-07-26 12:00:00,1.05056996980966
2025-07-26 12:30:00,1.0305073486727676
2025-07-26 13:00:00,1.0245731528213062
2025-07-26 13:30:00,1.0249659277085004
2025-07-26 14:00:00,1.0343493795621623
2025-07-26 14:30:00,1.0501752137526876
2025-07-26 15:00:00,1.070019931868833
2025-07-26 15:30:00,1.0956869597782932
2025-07-26 16:00:00,1.126462621921137
2025-07-26 16:30:00,1.1590527787068363
2025-07-26 17:00:00,1.1904371880565645
2025-07-26 17:30:00,1.2214986677915016
2025-07-26 18:00:00,1.2408453497863325
2025-07-26 18:30:00,1.2561975690702751
2025-07-26 19:00:00,1.2648904402348167
2025-07-26 19:30:00,1.2635117762740662
2025-07-26 20:00:00,1.2611921585531
2025-07-26 20:30:00,1.2534020878043817
2025-07-26 21:00:00,1.241494837481696
2025-07-26 21:30:00,1.2262698159126275
2025-07-26 22:00:00,1.2132819975516653
2025-07-26 22:30:00,1.1954666277580168
2025-07-26 23:00:00,1.17715142575662
2025-07-26 23:30:00,1.1597889448629728
2025-07-27 00:00:00,1.1506522033069206
2025-07-27 00:30:00,1.1412807288282365
2025-07-27 01:00:00,1.1355235045645526
2025-07-27 01:30:00,1.1380105929131605
2025-07-27 02:00:00,1.1429455039845904
2025-07-27 02:30:00,1.151449898578056
2025-07-27 03:00:00,1.1665576400027629
2025-07-27 03:30:00,1.186452080547624
2025-07-27 04:00:00,1.2083593392650551
2025-07-27 04:30:00,1.2369515313966128
2025-07-27 05:00:00,1.2580149167428007
2025-07-27 05:30:00,1.2817188050319483
2025-07-27 06:00:00,1.3034658484470185
2025-07-27 06:30:00,1.3189570978054415
2025-07-27 07:00:00,1.3266388766009019
2025-07-27 07:30:00,1.325790810179155
2025-07-27 08:00:00,1.319583302061488
2025-07-27 08:30:00,1.3102085632202913
2025-07-27 09:00:00,1.2929906578169432
2025-07-27 09:30:00,1.2728644014040948
2025-07-27 10:00:00,1.2449126352693936
2025-07-27 10:30:00,1.2160899597209227
2025-07-27 11:00:00,1.1868200880784299
2025-07-27 11:30:00,1.1586474436305019
2025-07-27 12:00:00,1.1369938509681043
2025-07-27 12:30:00,1.1179146671399562
2025-07-27 13:00:00,1.101792578638626
2025-07-27 13:30:00,1.0946376655276733
2025-07-27 14:00:00,1.0932987109715966
2025-07-27 14:30:00,1.0959843073619302
2025-07-27 15:00:00,1.1031495961788156
2025-07-27 15:30:00,1.1153567070169499
2025-07-27 16:00:00,1.1277497286957934
2025-07-27 16:30:00,1.1460590241768345
2025-07-27 17:00:00,1.1632334873127455
2025-07-27 17:30:00,1.1817213208343882
2025-07-27 18:00:00,1.1948236586949985
2025-07-27 18:30:00,1.2047396860613961
2025-07-27 19:00:00,1.2123074679176102
2025-07-27 19:30:00,1.214795370764444
2025-07-27 20:00:00,1.2122696275765175
2025-07-27 20:30:00,1.2083176378092084
2025-07-27 21:00:00,1.1990822416833429
2025-07-27 21:30:00,1.1846367233356607
2025-07-27 22:00:00,1.1694054094220854
2025-07-27 22:30:00,1.1467914720687327
2025-07-27 23:00:00,1.1296278366704349
2025-07-27 23:30:00,1.111711812073591
2025-07-28 00:00:00,1.0945486241748221
2025-07-28 00:30:00,1.0787401787935538
2025-07-28 01:00:00,1.0730567012197285
2025-07-28 01:30:00,1.0704665276159857
2025-07-28 02:00:00,1.0700838155281238
2025-07-28 02:30:00,1.0734445145885199
2025-07-28 03:00:00,1.0831481952872095
2025-07-28 03:30:00,1.099280030910941
2025-07-28 04:00:00,1.131390434109857
2025-07-28 04:30:00,1.147353606366769
2025-07-28 05:00:00,1.172553673068566
2025-07-28 05:30:00,1.1871541709228126
2025-07-28 06:00:00,1.2004510085086386
2025-07-28 06:30:00,1.213677908637006
2025-07-28 07:00:00,1.2201715922920462
2025-07-28 07:30:00,1.2304548093328578
2025-07-28 08:00:00,1.2218400324293532
2025-07-28 08:30:00,1.2142537176386727
2025-07-28 09:00:00,1.1915693727900316
2025-07-28 09:30:00,1.1794526404767047
2025-07-28 10:00:00,1.167653867768356
2025-07-28 10:30:00,1.146071131083985
2025-07-28 11:00:00,1.1339274739943388
2025-07-28 11:30:00,1.1168299410239009
2025-07-28 12:00:00,1.0970337366101865
2025-07-28 12:30:00,1.0877996165533197
2025-07-28 13:00:00,1.0761556102082723
2025-07-28 13:30:00,1.0718213390224216
2025-07-28 14:00:00,1.0708736187922834
2025-07-28 14:30:00,1.0711742392512382
2025-07-28 15:00:00,1.0848957501467336
2025-07-28 15:30:00,1.1061513460703989
2025-07-28 16:00:00,1.1359631774686965
2025-07-28 16:30:00,1.1639060548263203
2025-07-28 17:00:00,1.1925262363598415
2025-07-28 17:30:00,1.2223135789469963
2025-07-28 18:00:00,1.2566058232267092
2025-07-28 18:30:00,1.2882853352533699
2025-07-28 19:00:00,1.321985387412839
2025-07-28 19:30:00,1.348304548272
2025-07-28 20:00:00,1.3660357901785898
2025-07-28 20:30:00,1.3758867387486182
2025-07-28 21:00:00,1.3809791385413244
2025-07-28 21:30:00,1.3802994340110923
2025-07-28 22:00:00,1.3773022827420203
2025-07-28 22:30:00,1.3692889931514556
2025-07-28 23:00:00,1.3585741740126962
2025-07-28 23:30:00,1.3446626923553666
2025-07-29 00:00:00,1.3315372108731476
2025-07-29 00:30:00,1.319995402137294
2025-07-29 01:00:00,1.307649003868736
2025-07-29 01:30:00,1.3008953425258565
2025-07-29 02:00:00,1.3010223910784142
2025-07-29 02:30:00,1.299276641367722
2025-07-29 03:00:00,1.309223039304953
2025-07-29 03:30:00,1.3180379080466456
2025-07-29 04:00:00,1.3267355183001248
2025-07-29 04:30:00,1.3338351648113074
2025-07-29 05:00:00,1.3440179955689804
2025-07-29 05:30:00,1.356402067970952
2025-07-29 06:00:00,1.3655936880866448
2025-07-29 06:30:00,1.3709202692713962
2025-07-29 07:00:00,1.3750660354834063
2025-07-29 07:30:00,1.372540330962596
2025-07-29 08:00:00,1.3709034164968923
2025-07-29 08:30:00,1.3605515743972805
2025-07-29 09:00:00,1.3480774442610548
2025-07-29 09:30:00,1.328355869345816
2025-07-29 10:00:00,1.3002444441604157
2025-07-29 10:30:00,1.2751750817670209
2025-07-29 11:00:00,1.2489127836626879
2025-07-29 11:30:00,1.2245905514810098
2025-07-29 12:00:00,1.2007556039336311
2025-07-29 12:30:00,1.1760453362351417
2025-07-29 13:00:00,1.14654380590386
2025-07-29 13:30:00,1.127873821265067
2025-07-29 14:00:00,1.1132065097044472
2025-07-29 14:30:00,1.1153845280496837
2025-07-29 15:00:00,1.1213351264962814
2025-07-29 15:30:00,1.1367377397432035
2025-07-29 16:00:00,1.1524131653495073
2025-07-29 16:30:00,1.1742202472276555
2025-07-29 17:00:00,1.1972072520294361
2025-07-29 17:30:00,1.2256828885053372
2025-07-29 18:00:00,1.2514702139420142
2025-07-29 18:30:00,1.277952158761501
2025-07-29 19:00:00,1.3076254945280368
2025-07-29 19:30:00,1.3310925257998856
2025-07-29 20:00:00,1.348781542992983
2025-07-29 20:30:00,1.357905051062962
2025-07-29 21:00:00,1.3594883686428654
2025-07-29 21:30:00,1.3604431843442915
2025-07-29 22:00:00,1.358974742120368
2025-07-29 22:30:00,1.3531863064176533
2025-07-29 23:00:00,1.344085021685341
2025-07-29 23:30:00,1.33379750816427
2025-07-30 00:00:00,1.3257399609113478
2025-07-30 00:30:00,1.3156567064802793
2025-07-30 01:00:00,1.3108031157829367
2025-07-30 01:30:00,1.3079104030519417
2025-07-30 02:00:00,1.3079688369747233
2025-07-30 02:30:00,1.3131461430244307
2025-07-30 03:00:00,1.3241911114504685
2025-07-30 03:30:00,1.331242332869662
2025-07-30 04:00:00,1.3460591451421442
2025-07-30 04:30:00,1.360705117494957
2025-07-30 05:00:00,1.3733601574373246
2025-07-30 05:30:00,1.3825959334896716
2025-07-30 06:00:00,1.3877433354645339
2025-07-30 06:30:00,1.3951423876907028
2025-07-30 07:00:00,1.4018852175146728
2025-07-30 07:30:00,1.4039142542612275
2025-07-30 08:00:00,1.4023406330134904
2025-07-30 08:30:00,1.395046529744855
2025-07-30 09:00:00,1.3798578450925836
2025-07-30 09:30:00,1.3652402970453708
2025-07-30 10:00:00,1.3431206466286048
2025-07-30 10:30:00,1.3190289016784815
2025-07-30 11:00:00,1.300411408313493
2025-07-30 11:30:00,1.277434891118357
2025-07-30 12:00:00,1.2560347659978197
2025-07-30 12:30:00,1.2328941698744469
2025-07-30 13:00:00,1.208333852364922
2025-07-30 13:30:00,1.1871310439071123
2025-07-30 14:00:00,1.1760862594354826
2025-07-30 14:30:00,1.1708298197443914
2025-07-30 15:00:00,1.1765614314756387
2025-07-30 15:30:00,1.183622562295941
2025-07-30 16:00:00,1.1961838724067233
2025-07-30 16:30:00,1.2152796031993225
2025-07-30 17:00:00,1.2313293554142968
2025-07-30 17:30:00,1.2520583358319919
2025-07-30 18:00:00,1.2768505837229118
2025-07-30 18:30:00,1.3003113657359584
2025-07-30 19:00:00,1.328437202299125
2025-07-30 19:30:00,1.3477200498329664
2025-07-30 20:00:00,1.3663730245601229
2025-07-30 20:30:00,1.37517579342725
2025-07-30 21:00:00,1.3813181117771516
2025-07-30 21:30:00,1.386187426639126
2025-07-30 22:00:00,1.387916133864824
2025-07-30 22:30:00,1.3832645289915457
2025-07-30 23:00:00,1.3790667490100788
2025-07-30 23:30:00,1.3727794684480998
2025-07-31 00:00:00,1.3652945146317061
2025-07-31 00:30:00,1.3566743543764317
2025-07-31 01:00:00,1.347442487092212
2025-07-31 01:30:00,1.3398460859169952
2025-07-31 02:00:00,1.330811412289084
2025-07-31 02:30:00,1.3258587002551088
2025-07-31 03:00:00,1.3218606094998362
2025-07-31 03:30:00,1.3204862008035794
2025-07-31 04:00:00,1.3242050613639373
2025-07-31 04:30:00,1.326949615776851
2025-07-31 05:00:00,1.3282143778884892
2025-07-31 05:30:00,1.3280701533870192
2025-07-31 06:00:00,1.3311909416124563
2025-07-31 06:30:00,1.3316633782510972
2025-07-31 07:00:00,1.3284991327848625
2025-07-31 07:30:00,1.331178941841914
2025-07-31 08:00:00,1.3258984790186148
2025-07-31 08:30:00,1.3181100067252118
2025-07-31 09:00:00,1.3072594082417448
2025-07-31 09:30:00,1.293957333653534
2025-07-31 10:00:00,1.274514888785002
2025-07-31 10:30:00,1.2565460794334304
2025-07-31 11:00:00,1.2381200820354439
2025-07-31 11:30:00,1.2227187755465632
2025-07-31 12:00:00,1.203771399951008
2025-07-31 12:30:00,1.1866817883101364
2025-07-31 13:00:00,1.1682561080040705
2025-07-31 13:30:00,1.1524108689126613
2025-07-31 14:00:00,1.141971238100371
2025-07-31 14:30:00,1.140654385273612
2025-07-31 15:00:00,1.1430591424833647
2025-07-31 15:30:00,1.1509814267537235
2025-07-31 16:00:00,1.157098798065817
2025-07-31 16:30:00,1.1682511766120331
2025-07-31 17:00:00,1.1785016686970589
2025-07-31 17:30:00,1.1955264662060068
2025-07-31 18:00:00,1.2162880530986968
2025-07-31 18:30:00,1.2337677362948531
2025-07-31 19:00:00,1.2548735587835147
2025-07-31 19:30:00,1.2743381501073348
2025-07-31 20:00:00,1.2944276844299842
2025-07-31 20:30:00,1.3072419455616378
2025-07-31 21:00:00,1.3206675721728212
2025-07-31 21:30:00,1.331391722440775
2025-07-31 22:00:00,1.3447879669338512
2025-07-31 22:30:00,1.3551664948909201
2025-07-31 23:00:00,1.3643679297893034
2025-07-31 23:30:00,1.3673729391227323
2025-08-01 00:00:00,1.3669402162859292
2025-08-01 00:30:00,1.365440206084171
2025-08-01 01:00:00,1.3639427242085869
2025-08-01 01:30:00,1.358907078279302
2025-08-01 02:00:00,1.3551601465261607
2025-08-01 02:30:00,1.3524066804880628
2025-08-01 03:00:00,1.3480993015500562
2025-08-01 03:30:00,1.3447054993833847
2025-08-01 04:00:00,1.346199848904957
2025-08-01 04:30:00,1.3437689424057644
2025-08-01 05:00:00,1.3429588145173805
2025-08-01 05:30:00,1.3399836890942254
2025-08-01 06:00:00,1.334141914635133
2025-08-01 06:30:00,1.3293512542842083
2025-08-01 07:00:00,1.3235796700754479
2025-08-01 07:30:00,1.321283783272298
2025-08-01 08:00:00,1.3127499833981022
2025-08-01 08:30:00,1.3038688211548397
2025-08-01 09:00:00,1.289942530665767
2025-08-01 09:30:00,1.2778064290333582
2025-08-01 10:00:00,1.2602440345514416
2025-08-01 10:30:00,1.2525070174689674
2025-08-01 11:00:00,1.2427360134793413
2025-08-01 11:30:00,1.2333715615758705
2025-08-01 12:00:00,1.2234356728931928
2025-08-01 12:30:00,1.2141882023910406
2025-08-01 13:00:00,1.2068561766410466
2025-08-01 13:30:00,1.1978816721977057
2025-08-01 14:00:00,1.1925054749693391
2025-08-01 14:30:00,1.195749458719797
2025-08-01 15:00:00,1.2034025447314485
2025-08-01 15:30:00,1.206372815254516
2025-08-01 16:00:00,1.2063677011097997
2025-08-01 16:30:00,1.2073141924453474
2025-08-01 17:00:00,1.2075345704558322
2025-08-01 17:30:00,1.2109848553126146
2025-08-01 18:00:00,1.2193541857214911
2025-08-01 18:30:00,1.2290533168062414
2025-08-01 19:00:00,1.2379015919236944
2025-08-01 19:30:00,1.2501290729664776
2025-08-01 20:00:00,1.260165444556713
2025-08-01 20:30:00,1.2707328336910881
2025-08-01 21:00:00,1.2785893612036894
2025-08-01 21:30:00,1.292614909060319
2025-08-01 22:00:00,1.3055254862836518
2025-08-01 22:30:00,1.3132604204276856
2025-08-01 23:00:00,1.3196436023396831
2025-08-01 23:30:00,1.3252546097440825
2025-08-02 00:00:00,1.3282667498307168
2025-08-02 00:30:00,1.330272988421944
2025-08-02 01:00:00,1.3322216475567248
2025-08-02 01:30:00,1.3309936726840126
2025-08-02 02:00:00,1.329947643478771
2025-08-02 02:30:00,1.3279310075140733
2025-08-02 03:00:00,1.323440405321137
2025-08-02 03:30:00,1.3174005202815806
2025-08-02 04:00:00,1.3180014117783245
2025-08-02 04:30:00,1.3117272321884403
2025-08-02 05:00:00,1.3054757036510167
2025-08-02 05:30:00,1.3015012258870562
2025-08-02 06:00:00,1.2984326311173395
2025-08-02 06:30:00,1.294040682807714
2025-08-02 07:00:00,1.285641631266046
2025-08-02 07:30:00,1.2808464611238988
2025-08-02 08:00:00,1.2716371576812222
2025-08-02 08:30:00,1.2580756267143214
2025-08-02 09:00:00,1.2483984203094487
2025-08-02 09:30:00,1.2361487128875712
2025-08-02 10:00:00,1.2270550920472343
2025-08-02 10:30:00,1.2157046500952615
2025-08-02 11:00:00,1.2014927463490752
2025-08-02 11:30:00,1.1913583135603312
2025-08-02 12:00:00,1.1789553801476924
2025-08-02 12:30:00,1.1703619469991926
2025-08-02 13:00:00,1.1644724144809429
2025-08-02 13:30:00,1.1593327953126336
2025-08-02 14:00:00,1.1579962412392557
2025-08-02 14:30:00,1.162882502643851
2025-08-02 15:00:00,1.1672966727735208
2025-08-02 15:30:00,1.1705043728492075
2025-08-02 16:00:00,1.1729458820633245
2025-08-02 16:30:00,1.1828012690603653
2025-08-02 17:00:00,1.1946703401325802
2025-08-02 17:30:00,1.1990333208821515
2025-08-02 18:00:00,1.2056241612366578
2025-08-02 18:30:00,1.2090094868057908
2025-08-02 19:00:00,1.2171292316162636
2025-08-02 19:30:00,1.219621630577107
2025-08-02 20:00:00,1.228500045867467
2025-08-02 20:30:00,1.2326008159399882
2025-08-02 21:00:00,1.2388979096650208
2025-08-02 21:30:00,1.2512124444906636
2025-08-02 22:00:00,1.2631445688529543
2025-08-02 22:30:00,1.275536767150957
2025-08-02 23:00:00,1.286095826835641
2025-08-02 23:30:00,1.2938023708918691
2025-08-03 00:00:00,1.3038429554824198
2025-08-03 00:30:00,1.3094565310628807
2025-08-03 01:00:00,1.3146532628460519
2025-08-03 01:30:00,1.3200229137056545
2025-08-03 02:00:00,1.319337111077723
2025-08-03 02:30:00,1.3199992734490613
2025-08-03 03:00:00,1.3190968073164058
2025-08-03 03:30:00,1.3176822804189119
2025-08-03 04:00:00,1.3123550639187926
2025-08-03 04:30:00,1.3070331215262958
2025-08-03 05:00:00,1.3041097360026472
2025-08-03 05:30:00,1.3013380043849012
2025-08-03 06:00:00,1.2964197447651666
2025-08-03 06:30:00,1.2934186954152798
2025-08-03 07:00:00,1.285571817391043
2025-08-03 07:30:00,1.2821140024010313
2025-08-03 08:00:00,1.2736920119775064
2025-08-03 08:30:00,1.2671495658084277
2025-08-03 09:00:00,1.2605846078249372
2025-08-03 09:30:00,1.2535000908191096
2025-08-03 10:00:00,1.2476837617938894
2025-08-03 10:30:00,1.2403485856612224
2025-08-03 11:00:00,1.2342326429762587
2025-08-03 11:30:00,1.2314909786397967
2025-08-03 12:00:00,1.2286737362676199
2025-08-03 12:30:00,1.2270851204986863
2025-08-03 13:00:00,1.2265935552967244
2025-08-03 13:30:00,1.2238104624615849
2025-08-03 14:00:00,1.2221762245080734
2025-08-03 14:30:00,1.2222952792925057
2025-08-03 15:00:00,1.2219036887143568
2025-08-03 15:30:00,1.2163046928223125
2025-08-03 16:00:00,1.21037210098661
2025-08-03 16:30:00,1.205417925200379
2025-08-03 17:00:00,1.1999041950662823
2025-08-03 17:30:00,1.195167813611649
2025-08-03 18:00:00,1.1867706985568314
2025-08-03 18:30:00,1.182256671120295
2025-08-03 19:00:00,1.176300981754806
2025-08-03 19:30:00,1.1678883000969156
2025-08-03 20:00:00,1.168843367533123
2025-08-03 20:30:00,1.1694042348641798
2025-08-03 21:00:00,1.1692525398043458
2025-08-03 21:30:00,1.1739619163197799
2025-08-03 22:00:00,1.1846885596703205
2025-08-03 22:30:00,1.1927939237080716
2025-08-03 23:00:00,1.2034449088058288
2025-08-03 23:30:00,1.2148644920659384
2025-08-04 00:00:00,1.2254374607490082
2025-08-04 00:30:00,1.2347274638813892
2025-08-04 01:00:00,1.2464968391322742
2025-08-04 01:30:00,1.2551455393146917
2025-08-04 02:00:00,1.2633880434993854
2025-08-04 02:30:00,1.2695316533418413
2025-08-04 03:00:00,1.271035742376301
2025-08-04 03:30:00,1.2713030868028719
2025-08-04 04:00:00,1.2688823367811692
2025-08-04 04:30:00,1.2674233246205078
2025-08-04 05:00:00,1.2633434846348788
2025-08-04 05:30:00,1.262644922578392
2025-08-04 06:00:00,1.2582015482508626
2025-08-04 06:30:00,1.2486057869046159
2025-08-04 07:00:00,1.238427910135702
2025-08-04 07:30:00,1.2307391369694534
2025-08-04 08:00:00,1.2209765575861107
2025-08-04 08:30:00,1.209089528925871
2025-08-04 09:00:00,1.2029654266702232
2025-08-04 09:30:00,1.1949067859022786
2025-08-04 10:00:00,1.1901633762005774
2025-08-04 10:30:00,1.183653013346202
2025-08-04 11:00:00,1.1770417049129995
2025-08-04 11:30:00,1.1756577835923145
2025-08-04 12:00:00,1.1746364005001066
2025-08-04 12:30:00,1.1755450956688684
2025-08-04 13:00:00,1.1854176630974802
2025-08-04 13:30:00,1.193370542051265
2025-08-04 14:00:00,1.2053130406602912
2025-08-04 14:30:00,1.2222797080295602
2025-08-04 15:00:00,1.2342825339307433
2025-08-04 15:30:00,1.2484091576559049
2025-08-04 16:00:00,1.2617729732413365
2025-08-04 16:30:00,1.2725204431276378
2025-08-04 17:00:00,1.2816332267102575
2025-08-04 17:30:00,1.2887966864001807
2025-08-04 18:00:00,1.2891095790006288
2025-08-04 18:30:00,1.2915872867282803
2025-08-04 19:00:00,1.289967184178142
2025-08-04 19:30:00,1.290400716523329
2025-08-04 20:00:00,1.2875891029680995
2025-08-04 20:30:00,1.2839893303133512
2025-08-04 21:00:00,1.2856391536716762
2025-08-04 21:30:00,1.290881908809236
2025-08-04 22:00:00,1.2934184677024785
2025-08-04 22:30:00,1.2997986802152368
2025-08-04 23:00:00,1.3137363390319448
2025-08-04 23:30:00,1.3197204894944112
2025-08-05 00:00:00,1.3341978933089536
2025-08-05 00:30:00,1.3504619920357994
2025-08-05 01:00:00,1.36312681949119
2025-08-05 01:30:00,1.3772634018228527
2025-08-05 02:00:00,1.390830495766532
2025-08-05 02:30:00,1.401952905227
2025-08-05 03:00:00,1.411708294587341
2025-08-05 03:30:00,1.4179058963597453
2025-08-05 04:00:00,1.4224405030318181
2025-08-05 04:30:00,1.4222391749806977
2025-08-05 05:00:00,1.4142061183100876
2025-08-05 05:30:00,1.4057919525158624
2025-08-05 06:00:00,1.3919346624116338
2025-08-05 06:30:00,1.3754851196049538
2025-08-05 07:00:00,1.357176518362255
2025-08-05 07:30:00,1.3369143748481338
2025-08-05 08:00:00,1.3108626051917407
2025-08-05 08:30:00,1.2851058798802573
2025-08-05 09:00:00,1.261940323957795
2025-08-05 09:30:00,1.2427910290845074
2025-08-05 10:00:00,1.2180997529085507
2025-08-05 10:30:00,1.2020436557479481
2025-08-05 11:00:00,1.1887000348448864
2025-08-05 11:30:00,1.184477581031536
2025-08-05 12:00:00,1.185447116735932
2025-08-05 12:30:00,1.1856944202643451
2025-08-05 13:00:00,1.1913210787134503
2025-08-05 13:30:00,1.1992859510274332
2025-08-05 14:00:00,1.2119793411380677
2025-08-05 14:30:00,1.2254582209524252
2025-08-05 15:00:00,1.2445146048684035
2025-08-05 15:30:00,1.2596645100338266
2025-08-05 16:00:00,1.275215808218205
2025-08-05 16:30:00,1.2881419813416444
2025-08-05 17:00:00,1.2959848148095499
2025-08-05 17:30:00,1.3042525950846209
2025-08-05 18:00:00,1.3053072150768799
2025-08-05 18:30:00,1.3106354336602772
2025-08-05 19:00:00,1.3138348326495937
2025-08-05 19:30:00,1.3114354818083926
2025-08-05 20:00:00,1.3087905441754497
2025-08-05 20:30:00,1.3039604698130622
2025-08-05 21:00:00,1.2969710858971397
2025-08-05 21:30:00,1.2987676435363746
2025-08-05 22:00:00,1.2991191004845943
2025-08-05 22:30:00,1.30119145279307
2025-08-05 23:00:00,1.3106097446736806
2025-08-05 23:30:00,1.321422188405625
2025-08-06 00:00:00,1.339315506761738
2025-08-06 00:30:00,1.3608148240043667
2025-08-06 01:00:00,1.3828933691853913
2025-08-06 01:30:00,1.409282489013689
2025-08-06 02:00:00,1.438499764522881
2025-08-06 02:30:00,1.4635947258818593
2025-08-06 03:00:00,1.4873286976723632
2025-08-06 03:30:00,1.5049260515556422
2025-08-06 04:00:00,1.5227657629149067
2025-08-06 04:30:00,1.530236731598829
2025-08-06 05:00:00,1.529610317394407
2025-08-06 05:30:00,1.522808597289365
2025-08-06 06:00:00,1.5101937324264163
2025-08-06 06:30:00,1.490135193101708
2025-08-06 07:00:00,1.4696836022354411
2025-08-06 07:30:00,1.4448042699278996
2025-08-06 08:00:00,1.4160273169016926
2025-08-06 08:30:00,1.3909203897521967
2025-08-06 09:00:00,1.3623351157071508
2025-08-06 09:30:00,1.3339019373091887
2025-08-06 10:00:00,1.30420489941671
2025-08-06 10:30:00,1.2807233801427909
2025-08-06 11:00:00,1.2660042632296402
2025-08-06 11:30:00,1.2551979224275667
2025-08-06 12:00:00,1.2521128689073961
2025-08-06 12:30:00,1.249055598138427
2025-08-06 13:00:00,1.2455501265475293
2025-08-06 13:30:00,1.2477132141826786
2025-08-06 14:00:00,1.2604826812494065
2025-08-06 14:30:00,1.274121422498792
2025-08-06 15:00:00,1.2895332420663055
2025-08-06 15:30:00,1.3061343006646138
2025-08-06 16:00:00,1.3219376428055343
2025-08-06 16:30:00,1.3363429439244727
2025-08-06 17:00:00,1.346712480020487
2025-08-06 17:30:00,1.3503306302905307
2025-08-06 18:00:00,1.3507690379304422
2025-08-06 18:30:00,1.3506463514605993
2025-08-06 19:00:00,1.3502631159842422
2025-08-06 19:30:00,1.344520477316814
2025-08-06 20:00:00,1.3311513199871372
2025-08-06 20:30:00,1.3160951748993044
2025-08-06 21:00:00,1.302482842677436
2025-08-06 21:30:00,1.2935648281187058
2025-08-06 22:00:00,1.2856970136619161
2025-08-06 22:30:00,1.2841521456238962
2025-08-06 23:00:00,1.285634525694973
2025-08-06 23:30:00,1.2919432362678889
2025-08-07 00:00:00,1.3007870998950457
2025-08-07 00:30:00,1.318974740383344
2025-08-07 01:00:00,1.3345918504186143
2025-08-07 01:30:00,1.3557739324228932
2025-08-07 02:00:00,1.3772970140326648
2025-08-07 02:30:00,1.396619495788195
2025-08-07 03:00:00,1.4158342739397483
2025-08-07 03:30:00,1.4323571870193974
2025-08-07 04:00:00,1.4517211736750057
2025-08-07 04:30:00,1.4588431286463135
2025-08-07 05:00:00,1.4614041945338065
2025-08-07 05:30:00,1.45404391682803
2025-08-07 06:00:00,1.4403546604370978
2025-08-07 06:30:00,1.420006081479087
2025-08-07 07:00:00,1.3986579736426323
2025-08-07 07:30:00,1.372601724357894
2025-08-07 08:00:00,1.337696687729517
2025-08-07 08:30:00,1.3049604759317346
2025-08-07 09:00:00,1.2702066048359635
2025-08-07 09:30:00,1.2371329864124727
2025-08-07 10:00:00,1.2029905628832334
2025-08-07 10:30:00,1.1795138646190713
2025-08-07 11:00:00,1.1594782109500172
2025-08-07 11:30:00,1.1455946643492596
2025-08-07 12:00:00,1.1422714128376437
2025-08-07 12:30:00,1.1361215855263922
2025-08-07 13:00:00,1.1360499382906506
2025-08-07 13:30:00,1.1403477424302373
2025-08-07 14:00:00,1.1547659191659927
2025-08-07 14:30:00,1.173428223255024
2025-08-07 15:00:00,1.1933872163435462
2025-08-07 15:30:00,1.2154685296718777
2025-08-07 16:00:00,1.2345927415044915
2025-08-07 16:30:00,1.2549257123399713
2025-08-07 17:00:00,1.2689530277871086
2025-08-07 17:30:00,1.280101835918731
2025-08-07 18:00:00,1.2844778645261878
2025-08-07 18:30:00,1.2916101389299106
2025-08-07 19:00:00,1.2954692603012457
2025-08-07 19:30:00,1.2918281293877414
2025-08-07 20:00:00,1.2841105329862648
2025-08-07 20:30:00,1.2719280703309555
2025-08-07 21:00:00,1.2588246439409287
2025-08-07 21:30:00,1.2483349617158446
2025-08-07 22:00:00,1.2401279583372322
2025-08-07 22:30:00,1.2353009472237289
2025-08-07 23:00:00,1.232987334067974
2025-08-07 23:30:00,1.2364433982378007
2025-08-08 00:00:00,1.244930658776932
2025-08-08 00:30:00,1.2571479347874246
2025-08-08 01:00:00,1.275650468394868
2025-08-08 01:30:00,1.298138777846196
2025-08-08 02:00:00,1.3212960170053138
2025-08-08 02:30:00,1.3470608796561776
2025-08-08 03:00:00,1.3714248843867398
2025-08-08 03:30:00,1.394486465887574
2025-08-08 04:00:00,1.4165914834330586
2025-08-08 04:30:00,1.4303116814213692
2025-08-08 05:00:00,1.4404201342418932
2025-08-08 05:30:00,1.4403395831798902
2025-08-08 06:00:00,1.4312108254399512
2025-08-08 06:30:00,1.4190960116198048
2025-08-08 07:00:00,1.3982958636886171
2025-08-08 07:30:00,1.3726580443812655
2025-08-08 08:00:00,1.344363069075129
2025-08-08 08:30:00,1.3061311180156117
2025-08-08 09:00:00,1.2667200183521816
2025-08-08 09:30:00,1.227584273985504
2025-08-08 10:00:00,1.1896186352810227
2025-08-08 10:30:00,1.1570215752657733
2025-08-08 11:00:00,1.1333435002528336
2025-08-08 11:30:00,1.1120807126116512
2025-08-08 12:00:00,1.1046853908994367
2025-08-08 12:30:00,1.0958475198133162
2025-08-08 13:00:00,1.091953537856076
2025-08-08 13:30:00,1.0964043753810313
2025-08-08 14:00:00,1.1080714149555007
2025-08-08 14:30:00,1.125403789210692
2025-08-08 15:00:00,1.146420961498439
2025-08-08 15:30:00,1.1709720769038685
2025-08-08 16:00:00,1.1871665835531828
2025-08-08 16:30:00,1.2044029122869304
2025-08-08 17:00:00,1.2186706794700528
2025-08-08 17:30:00,1.229909195902869
2025-08-08 18:00:00,1.2348702920900496
2025-08-08 18:30:00,1.238648165898514
2025-08-08 19:00:00,1.2412978912674715
2025-08-08 19:30:00,1.2381430792760093
2025-08-08 20:00:00,1.2361159994483906
2025-08-08 20:30:00,1.2339425054726467
2025-08-08 21:00:00,1.2287386806842833
2025-08-08 21:30:00,1.229151844204968
2025-08-08 22:00:00,1.2312813180362696
2025-08-08 22:30:00,1.234918456651032
2025-08-08 23:00:00,1.242825964351914
2025-08-08 23:30:00,1.2534577931878188
2025-08-09 00:00:00,1.2678838182033458
2025-08-09 00:30:00,1.2835575527062884
2025-08-09 01:00:00,1.3000456050404683
2025-08-09 01:30:00,1.325997915175515
2025-08-09 02:00:00,1.348927176081353
2025-08-09 02:30:00,1.3803761775408807
2025-08-09 03:00:00,1.4135564315650053
2025-08-09 03:30:00,1.4441585016394891
2025-08-09 04:00:00,1.4732010207671384
2025-08-09 04:30:00,1.4986642981368252
2025-08-09 05:00:00,1.515010131412652
2025-08-09 05:30:00,1.5237530377112127
2025-08-09 06:00:00,1.5236877581069632
2025-08-09 06:30:00,1.5188025593406804
2025-08-09 07:00:00,1.5044961312248155
2025-08-09 07:30:00,1.484858130363813
2025-08-09 08:00:00,1.4564988734212385
2025-08-09 08:30:00,1.425952480313025
2025-08-09 09:00:00,1.389424916665535
2025-08-09 09:30:00,1.3514720019304802
2025-08-09 10:00:00,1.314829851139244
2025-08-09 10:30:00,1.2781441138348895
2025-08-09 11:00:00,1.2492490228054145
2025-08-09 11:30:00,1.2286930509521616
2025-08-09 12:00:00,1.2135838226970546
2025-08-09 12:30:00,1.2002202430844593
2025-08-09 13:00:00,1.1951395716684783
2025-08-09 13:30:00,1.197339322078845
2025-08-09 14:00:00,1.202444082918358
2025-08-09 14:30:00,1.2116473793768394
2025-08-09 15:00:00,1.2278951910747382
2025-08-09 15:30:00,1.2441750414483572
2025-08-09 16:00:00,1.2577937020881944
2025-08-09 16:30:00,1.2773954502388483
2025-08-09 17:00:00,1.2961419154204434
2025-08-09 17:30:00,1.3096828126232787
2025-08-09 18:00:00,1.319478707206515
2025-08-09 18:30:00,1.3294340791739152
2025-08-09 19:00:00,1.3350216700352449
2025-08-09 19:30:00,1.3315815336667054
2025-08-09 20:00:00,1.33182633789977
2025-08-09 20:30:00,1.3221193091571
2025-08-09 21:00:00,1.312080846083048
2025-08-09 21:30:00,1.2993397097922463
2025-08-09 22:00:00,1.28733864857758
2025-08-09 22:30:00,1.2719476234531932
2025-08-09 23:00:00,1.2586333473475277
2025-08-09 23:30:00,1.2512948641832136
2025-08-10 00:00:00,1.2477272633293868
2025-08-10 00:30:00,1.2483084728313145
2025-08-10 01:00:00,1.2568505461162673
2025-08-10 01:30:00,1.2733546439268382
2025-08-10 02:00:00,1.2904059259224343
2025-08-10 02:30:00,1.3138843864393983
2025-08-10 03:00:00,1.3384323672296352
2025-08-10 03:30:00,1.3653619361158227
2025-08-10 04:00:00,1.3941456103639582
2025-08-10 04:30:00,1.421762351536849
2025-08-10 05:00:00,1.4425315081396877
2025-08-10 05:30:00,1.4582054932557784
2025-08-10 06:00:00,1.4694810602367179
2025-08-10 06:30:00,1.4753623527527187
2025-08-10 07:00:00,1.4732435040381344
2025-08-10 07:30:00,1.460622182399965
2025-08-10 08:00:00,1.44721987671445
2025-08-10 08:30:00,1.425559855836984
2025-08-10 09:00:00,1.3981593329046689
2025-08-10 09:30:00,1.3700184928412766
2025-08-10 10:00:00,1.3402392849652776
2025-08-10 10:30:00,1.3095518656984875
2025-08-10 11:00:00,1.2780481394113377
2025-08-10 11:30:00,1.2519543138255962
2025-08-10 12:00:00,1.2290075597413508
2025-08-10 12:30:00,1.2130541934317667
2025-08-10 13:00:00,1.1997157741086897
2025-08-10 13:30:00,1.1976951442374077
2025-08-10 14:00:00,1.1948790219206287
2025-08-10 14:30:00,1.2009519115041434
2025-08-10 15:00:00,1.2129430358905258
2025-08-10 15:30:00,1.2255377064207587
2025-08-10 16:00:00,1.2457464498795328
2025-08-10 16:30:00,1.2623674052380214
2025-08-10 17:00:00,1.27904866180625
2025-08-10 17:30:00,1.2946265006568018
2025-08-10 18:00:00,1.3041665923035721
2025-08-10 18:30:00,1.3093856618257294
2025-08-10 19:00:00,1.3050498186839787
2025-08-10 19:30:00,1.297614902525041
2025-08-10 20:00:00,1.2849346321323607
2025-08-10 20:30:00,1.2690332232650738
2025-08-10 21:00:00,1.2491840165755252
2025-08-10 21:30:00,1.227602140061621
2025-08-10 22:00:00,1.2049384446926241
2025-08-10 22:30:00,1.1812795342331601
2025-08-10 23:00:00,1.1619341840076949
2025-08-10 23:30:00,1.1404024318536274
2025-08-11 00:00:00,1.1268144693715185
2025-08-11 00:30:00,1.1167061447957454
2025-08-11 01:00:00,1.1139227089593622
2025-08-11 01:30:00,1.1172699143230393
2025-08-11 02:00:00,1.126966707864434
2025-08-11 02:30:00,1.141081450570407
2025-08-11 03:00:00,1.1600838621908771
2025-08-11 03:30:00,1.1834780523487263
2025-08-11 04:00:00,1.2104974621983648
2025-08-11 04:30:00,1.2364359361277064
2025-08-11 05:00:00,1.258903408750902
2025-08-11 05:30:00,1.2817626929507964
2025-08-11 06:00:00,1.2954112898187062
2025-08-11 06:30:00,1.3058160538151415
2025-08-11 07:00:00,1.3089840394198742
2025-08-11 07:30:00,1.3047394467961666
2025-08-11 08:00:00,1.2927751387837996
2025-08-11 08:30:00,1.2769858442039925
2025-08-11 09:00:00,1.2546448836445057
2025-08-11 09:30:00,1.2272068656848587
2025-08-11 10:00:00,1.1926882818904063
2025-08-11 10:30:00,1.1640993969498739
2025-08-11 11:00:00,1.138826732222953
2025-08-11 11:30:00,1.1114939744050347
2025-08-11 12:00:00,1.0947289147063788
2025-08-11 12:30:00,1.0788820951800233
2025-08-11 13:00:00,1.0739485224206506
2025-08-11 13:30:00,1.0726717839044377
2025-08-11 14:00:00,1.0831358508613382
2025-08-11 14:30:00,1.0992417310579743
2025-08-11 15:00:00,1.1257271713951456
2025-08-11 15:30:00,1.156255290733791
2025-08-11 16:00:00,1.188182033863818
2025-08-11 16:30:00,1.2261562794054495
2025-08-11 17:00:00,1.2607604992459567
2025-08-11 17:30:00,1.2981838127410517
2025-08-11 18:00:00,1.327335320196395
2025-08-11 18:30:00,1.3563556848397404
2025-08-11 19:00:00,1.384036674595615
2025-08-11 19:30:00,1.4033260928943818
2025-08-11 20:00:00,1.4098643732242395
2025-08-11 20:30:00,1.4118135417710365
2025-08-11 21:00:00,1.402981185194153
2025-08-11 21:30:00,1.3907206889689667
2025-08-11 22:00:00,1.3761643829848391
2025-08-11 22:30:00,1.3556744977346946
2025-08-11 23:00:00,1.3381407666354581
2025-08-11 23:30:00,1.316985079204223
2025-08-12 00:00:00,1.3019798416575332
2025-08-12 00:30:00,1.2917929009625126
2025-08-12 01:00:00,1.2816626840781622
2025-08-12 01:30:00,1.2800154882962564
2025-08-12 02:00:00,1.2860761302893675
2025-08-12 02:30:00,1.2957024318745856
2025-08-12 03:00:00,1.310436254926273
2025-08-12 03:30:00,1.3296394801896745
2025-08-12 04:00:00,1.353566855089684
2025-08-12 04:30:00,1.3760582448669667
2025-08-12 05:00:00,1.39478948156131
2025-08-12 05:30:00,1.4155056573213414
2025-08-12 06:00:00,1.4284457043472962
2025-08-12 06:30:00,1.4338181663248164
2025-08-12 07:00:00,1.4348745113273236
2025-08-12 07:30:00,1.4274318441622327
2025-08-12 08:00:00,1.4200537101108759
2025-08-12 08:30:00,1.4018958393564007
2025-08-12 09:00:00,1.3762194236509586
2025-08-12 09:30:00,1.3466016061058268
2025-08-12 10:00:00,1.3057961802543068
2025-08-12 10:30:00,1.2694070968965587
2025-08-12 11:00:00,1.2365373694489794
2025-08-12 11:30:00,1.2024372296206893
2025-08-12 12:00:00,1.1755616554121344
2025-08-12 12:30:00,1.1468393182357208
2025-08-12 13:00:00,1.1235787503346073
2025-08-12 13:30:00,1.1089562355746565
2025-08-12 14:00:00,1.1019383302020374
2025-08-12 14:30:00,1.109894600649195
2025-08-12 15:00:00,1.1238087051540502
2025-08-12 15:30:00,1.1476068600152967
2025-08-12 16:00:00,1.17365312300929
2025-08-12 16:30:00,1.2068859690405127
2025-08-12 17:00:00,1.2391523392811077
2025-08-12 17:30:00,1.2724437058068017
2025-08-12 18:00:00,1.3018521474217908
2025-08-12 18:30:00,1.335501219233559
2025-08-12 19:00:00,1.3670388881223372
2025-08-12 19:30:00,1.3877822456501767
2025-08-12 20:00:00,1.4018796985086517
2025-08-12 20:30:00,1.4027360835826503
2025-08-12 21:00:00,1.4006514661603646
2025-08-12 21:30:00,1.3913364578259184
2025-08-12 22:00:00,1.3771694336707143
2025-08-12 22:30:00,1.3598889882168432
2025-08-12 23:00:00,1.3389023334736125
2025-08-12 23:30:00,1.3176569122037012
2025-08-13 00:00:00,1.2997900912640428
2025-08-13 00:30:00,1.2835189265330404
2025-08-13 01:00:00,1.2707246204632714
2025-08-13 01:30:00,1.263429773593903
2025-08-13 02:00:00,1.264468125964242
2025-08-13 02:30:00,1.2701601080510974
2025-08-13 03:00:00,1.2825125623051687
2025-08-13 03:30:00,1.3007386678369726
2025-08-13 04:00:00,1.3268916111658395
2025-08-13 04:30:00,1.3522065144793574
2025-08-13 05:00:00,1.3783589836730197
2025-08-13 05:30:00,1.3970960669778463
2025-08-13 06:00:00,1.4125979214233386
2025-08-13 06:30:00,1.426718118254009
2025-08-13 07:00:00,1.4348202121637958
2025-08-13 07:30:00,1.4385131387500167
2025-08-13 08:00:00,1.4340987268300145
2025-08-13 08:30:00,1.422867078017358
2025-08-13 09:00:00,1.4046323881684695
2025-08-13 09:30:00,1.3827058311661462
2025-08-13 10:00:00,1.3542714104644742
2025-08-13 10:30:00,1.324115920257825
2025-08-13 11:00:00,1.293577455075901
2025-08-13 11:30:00,1.2683204324483721
2025-08-13 12:00:00,1.2414981311604214
2025-08-13 12:30:00,1.215684626836514
2025-08-13 13:00:00,1.1906021677327419
2025-08-13 13:30:00,1.1712923690201906
2025-08-13 14:00:00,1.1607711206924867
2025-08-13 14:30:00,1.1622179933367043
2025-08-13 15:00:00,1.170197035031715
2025-08-13 15:30:00,1.184617617524919
2025-08-13 16:00:00,1.2100975134309617
2025-08-13 16:30:00,1.2323864797535464
2025-08-13 17:00:00,1.2620099069459467
2025-08-13 17:30:00,1.294297423293462
2025-08-13 18:00:00,1.325825410548672
2025-08-13 18:30:00,1.3578976290706053
2025-08-13 19:00:00,1.3910513912185172
2025-08-13 19:30:00,1.4191307404598712
2025-08-13 20:00:00,1.4388533905731298
2025-08-13 20:30:00,1.4458102233147625
2025-08-13 21:00:00,1.448123160190888
2025-08-13 21:30:00,1.4498816533199022
2025-08-13 22:00:00,1.4428761867558024
2025-08-13 22:30:00,1.4307746216645532
2025-08-13 23:00:00,1.4154480416758966
2025-08-13 23:30:00,1.4002779691582006
2025-08-14 00:00:00,1.383241864072264
2025-08-14 00:30:00,1.3686085713848921
2025-08-14 01:00:00,1.3516052393170215
2025-08-14 01:30:00,1.341313202119494
2025-08-14 02:00:00,1.3313358418515129
2025-08-14 02:30:00,1.3287218035898847
2025-08-14 03:00:00,1.329865956081625
2025-08-14 03:30:00,1.3293065303884037
2025-08-14 04:00:00,1.3405471236812352
2025-08-14 04:30:00,1.3500353891298713
2025-08-14 05:00:00,1.3611878384095077
2025-08-14 05:30:00,1.3658259956833
2025-08-14 06:00:00,1.374148899496281
2025-08-14 06:30:00,1.378411084312746
2025-08-14 07:00:00,1.3843025371882989
2025-08-14 07:30:00,1.382967089107028
2025-08-14 08:00:00,1.378498283799787
2025-08-14 08:30:00,1.3703210299118944
2025-08-14 09:00:00,1.357444380726614
2025-08-14 09:30:00,1.3413265151537632
2025-08-14 10:00:00,1.3157607964722733
2025-08-14 10:30:00,1.2950559496298173
2025-08-14 11:00:00,1.271209432323854
2025-08-14 11:30:00,1.2486819059688457
2025-08-14 12:00:00,1.2224297132754574
2025-08-14 12:30:00,1.1988313138187918
2025-08-14 13:00:00,1.1678694678745876
2025-08-14 13:30:00,1.150110161135883
2025-08-14 14:00:00,1.13975919955045
2025-08-14 14:30:00,1.1354448083185065
2025-08-14 15:00:00,1.1415789181460456
2025-08-14 15:30:00,1.1494556959321578
2025-08-14 16:00:00,1.169012175059322
